<?xml version="1.0"?>
<doc>
    <assembly>
        <name>Supply.Dashboards.Infrastructure</name>
    </assembly>
    <members>
        <member name="M:Supply.Dashboards.Infrastructure.Data.DashboardsContext.SaveChanges(System.Int32)">
            <summary>
            Used only for seed DB.
            </summary>
            <param name="contextId"></param>
            <returns></returns>
        </member>
        <member name="M:Supply.Dashboards.Infrastructure.UseCasesRepositories.Locations.GetLocationListRepository.GetActiveDivisionsWithChildrenLocations">
            <summary>
            cловарь дивизионов с дочерними локациями всех уровней вложенности 
            </summary>
            <returns></returns>
        </member>
    </members>
</doc>
