<?xml version="1.0"?>
<doc>
    <assembly>
        <name>Supply.Dashboards.Shared</name>
    </assembly>
    <members>
        <member name="P:Supply.Dashboards.Shared.ViewModels.Charts.AccountingMtrByPeriods.AccountingMtrByPeriodsRequestViewModel.Period">
            <summary>
            Period type (Day, Week, TwoWeeks, Month, Quarter, HalfYear, Year)
            </summary>
        </member>
        <member name="P:Supply.Dashboards.Shared.ViewModels.Charts.AccountingMtrByPeriods.AccountingMtrByPeriodsRequestViewModel.StartPeriod">
            <summary>
            Start period (required)
            </summary>
        </member>
        <member name="P:Supply.Dashboards.Shared.ViewModels.Charts.AccountingMtrByPeriods.AccountingMtrByPeriodsRequestViewModel.Duration">
            <summary>
            Duration (optional)
            </summary>
        </member>
        <member name="P:Supply.Dashboards.Shared.ViewModels.Charts.AccountingMtrByPeriods.AccountingMtrByPeriodsRequestViewModel.LocationsIds">
            <summary>
            Locations ids (optional)
            </summary>
        </member>
        <member name="P:Supply.Dashboards.Shared.ViewModels.Charts.AccountingMtrByPeriods.AccountingMtrByPeriodsRequestViewModel.CustomersIds">
            <summary>
            Customers ids (optional)
            </summary>
        </member>
        <member name="P:Supply.Dashboards.Shared.ViewModels.Charts.AccountingMtrByPeriods.AccountingMtrByPeriodsRequestViewModel.MtrTypesIds">
            <summary>
            Classifier MTR types ids (optional)
            </summary>
        </member>
        <member name="P:Supply.Dashboards.Shared.ViewModels.Charts.ArrivalByLocations.ArrivalByLocationsRequestViewModel.StartPeriod">
            <summary>
            Start period (required)
            </summary>
        </member>
        <member name="P:Supply.Dashboards.Shared.ViewModels.Charts.ArrivalByLocations.ArrivalByLocationsRequestViewModel.Duration">
            <summary>
            Duration (optional)
            </summary>
        </member>
        <member name="P:Supply.Dashboards.Shared.ViewModels.Charts.ArrivalByLocations.ArrivalByLocationsRequestViewModel.LocationsIds">
            <summary>
            Locations ids (optional)
            </summary>
        </member>
        <member name="P:Supply.Dashboards.Shared.ViewModels.Charts.ArrivalByLocations.ArrivalByLocationsRequestViewModel.CustomersIds">
            <summary>
            Customers ids (optional)
            </summary>
        </member>
        <member name="P:Supply.Dashboards.Shared.ViewModels.Charts.ArrivalByLocations.ArrivalByLocationsRequestViewModel.MtrTypesIds">
            <summary>
            Classifier MTR types ids (optional)
            </summary>
        </member>
        <member name="P:Supply.Dashboards.Shared.ViewModels.Charts.CargoGroupByLocations.CargoGroupByLocationsRequestViewModel.StartPeriod">
            <summary>
            Start period (required)
            </summary>
        </member>
        <member name="P:Supply.Dashboards.Shared.ViewModels.Charts.CargoGroupByLocations.CargoGroupByLocationsRequestViewModel.Duration">
            <summary>
            Duration (optional)
            </summary>
        </member>
        <member name="P:Supply.Dashboards.Shared.ViewModels.Charts.CargoGroupByLocations.CargoGroupByLocationsRequestViewModel.LocationsIds">
            <summary>
            Locations ids (optional)
            </summary>
        </member>
        <member name="P:Supply.Dashboards.Shared.ViewModels.Charts.CargoGroupByLocations.CargoGroupByLocationsRequestViewModel.CustomersIds">
            <summary>
            Customers ids (optional)
            </summary>
        </member>
        <member name="P:Supply.Dashboards.Shared.ViewModels.Charts.CargoGroupByLocations.CargoGroupByLocationsRequestViewModel.MtrTypesIds">
            <summary>
            Classifier MTR types ids (optional)
            </summary>
        </member>
        <member name="P:Supply.Dashboards.Shared.ViewModels.Charts.ExpenditureByLocations.ExpenditureByLocationsRequestViewModel.StartPeriod">
            <summary>
            Start period (required)
            </summary>
        </member>
        <member name="P:Supply.Dashboards.Shared.ViewModels.Charts.ExpenditureByLocations.ExpenditureByLocationsRequestViewModel.Duration">
            <summary>
            Duration (optional)
            </summary>
        </member>
        <member name="P:Supply.Dashboards.Shared.ViewModels.Charts.ExpenditureByLocations.ExpenditureByLocationsRequestViewModel.LocationsIds">
            <summary>
            Locations ids (optional)
            </summary>
        </member>
        <member name="P:Supply.Dashboards.Shared.ViewModels.Charts.ExpenditureByLocations.ExpenditureByLocationsRequestViewModel.CustomersIds">
            <summary>
            Customers ids (optional)
            </summary>
        </member>
        <member name="P:Supply.Dashboards.Shared.ViewModels.Charts.ExpenditureByLocations.ExpenditureByLocationsRequestViewModel.MtrTypesIds">
            <summary>
            Classifier MTR types ids (optional)
            </summary>
        </member>
        <member name="P:Supply.Dashboards.Shared.ViewModels.Charts.FullnessBases.FullnessBasesByLocationsRequestViewModel.StartPeriod">
            <summary>
            Start period (required)
            </summary>
        </member>
        <member name="P:Supply.Dashboards.Shared.ViewModels.Charts.FullnessBases.FullnessBasesByLocationsRequestViewModel.Duration">
            <summary>
            Duration (optional)
            </summary>
        </member>
        <member name="P:Supply.Dashboards.Shared.ViewModels.Charts.FullnessBases.FullnessBasesByLocationsRequestViewModel.LocationsIds">
            <summary>
            Locations ids (optional)
            </summary>
        </member>
        <member name="P:Supply.Dashboards.Shared.ViewModels.Charts.FullnessBases.FullnessBasesByLocationsRequestViewModel.CustomersIds">
            <summary>
            Customers ids (optional)
            </summary>
        </member>
        <member name="P:Supply.Dashboards.Shared.ViewModels.Charts.SeasonalDelivery.SeasonalDeliveryRequest.DateTime">
            <summary>
            DateTime (required)
            </summary>
        </member>
        <member name="P:Supply.Dashboards.Shared.ViewModels.Charts.SeasonalDelivery.SeasonalDeliveryRequest.LocationsIds">
            <summary>
            Locations ids (optional)
            </summary>
        </member>
        <member name="P:Supply.Dashboards.Shared.ViewModels.Charts.SeasonalDelivery.SeasonalDeliveryRequest.CustomersIds">
            <summary>
            Customers ids (optional)
            </summary>
        </member>
        <member name="P:Supply.Dashboards.Shared.ViewModels.Charts.SeasonalDelivery.SeasonalDeliveryRequest.MtrTypesIds">
            <summary>
            Classifier MTR types ids (optional)
            </summary>
        </member>
        <member name="P:Supply.Dashboards.Shared.ViewModels.Charts.TransportResources.TransportResourcesByLocationsRequestViewModel.StartPeriod">
            <summary>
            Start period (required)
            </summary>
        </member>
        <member name="P:Supply.Dashboards.Shared.ViewModels.Charts.TransportResources.TransportResourcesByLocationsRequestViewModel.Duration">
            <summary>
            Duration (optional)
            </summary>
        </member>
        <member name="P:Supply.Dashboards.Shared.ViewModels.Charts.TransportResources.TransportResourcesByLocationsRequestViewModel.LocationsIds">
            <summary>
            Locations ids (optional)
            </summary>
        </member>
        <member name="P:Supply.Dashboards.Shared.ViewModels.Charts.TransportResources.TransportResourcesByLocationsRequestViewModel.CustomersIds">
            <summary>
            Customers ids (optional)
            </summary>
        </member>
        <member name="P:Supply.Dashboards.Shared.ViewModels.Charts.TransportResources.TransportResourcesByPeriodsRequestViewModel.Period">
            <summary>
            Period type (Day, Week, TwoWeeks, Month, Quarter, HalfYear, Year)
            </summary>
        </member>
        <member name="P:Supply.Dashboards.Shared.ViewModels.Charts.TransportResources.TransportResourcesByPeriodsRequestViewModel.StartPeriod">
            <summary>
            Start period (required)
            </summary>
        </member>
        <member name="P:Supply.Dashboards.Shared.ViewModels.Charts.TransportResources.TransportResourcesByPeriodsRequestViewModel.Duration">
            <summary>
            Duration (optional)
            </summary>
        </member>
        <member name="P:Supply.Dashboards.Shared.ViewModels.Charts.TransportResources.TransportResourcesByPeriodsRequestViewModel.LocationsIds">
            <summary>
            Locations ids (optional)
            </summary>
        </member>
        <member name="P:Supply.Dashboards.Shared.ViewModels.Charts.TransportResources.TransportResourcesByPeriodsRequestViewModel.CustomersIds">
            <summary>
            Customers ids (optional)
            </summary>
        </member>
    </members>
</doc>
