<?xml version="1.0"?>
<doc>
    <assembly>
        <name>Supply.Dashboards.Service</name>
    </assembly>
    <members>
        <member name="M:Supply.Dashboards.Service.Controllers.ContextsController.GetList(Supply.Dashboards.Shared.ViewModels.Contexts.GetContextList.GetContextListRequestViewModel,System.Threading.CancellationToken)">
            <summary>
            Get a list of contexts with optional filtering
            Actual data has the status "actual".
            If you do not pass the status, all data types will be returned, including deleted ones.
            </summary>
            <param name="request"></param>
            <param name="cancellationToken"></param>
            <returns></returns>
        </member>
        <member name="M:Supply.Dashboards.Service.Controllers.CustomersController.GetList(Supply.Dashboards.Shared.ViewModels.Customers.CustomerList.CustomerListRequestViewModel,System.Threading.CancellationToken)">
            <summary>
            Get a list of customers with optional filtering
            Actual data has the status "actual".
            If you do not pass the status, all data types will be returned, including deleted ones.
            </summary>
            <param name="request"></param>
            <param name="cancellationToken"></param>
            <returns></returns>
        </member>
        <member name="M:Supply.Dashboards.Service.Controllers.DashboardsController.AccountingMtrByPeriods(Supply.Dashboards.Shared.ViewModels.Charts.AccountingMtrByPeriods.AccountingMtrByPeriodsRequestViewModel,System.Threading.CancellationToken)">
            <summary>
            Get a MTR by periods with optional filtering
            </summary>
            <param name="request"></param>
            <param name="cancellationToken"></param>
            <returns></returns>
        </member>
        <member name="M:Supply.Dashboards.Service.Controllers.DashboardsController.ArrivalByLocations(Supply.Dashboards.Shared.ViewModels.Charts.ArrivalByLocations.ArrivalByLocationsRequestViewModel,System.Threading.CancellationToken)">
            <summary>
            Get arrival by locations with optional filtering
            </summary>
            <param name="request"></param>
            <param name="cancellationToken"></param>
            <returns></returns>
        </member>
        <member name="M:Supply.Dashboards.Service.Controllers.DashboardsController.ExpenditureByLocations(Supply.Dashboards.Shared.ViewModels.Charts.ExpenditureByLocations.ExpenditureByLocationsRequestViewModel,System.Threading.CancellationToken)">
            <summary>
            Get expenditure by locations with optional filtering
            </summary>
            <param name="request"></param>
            <param name="cancellationToken"></param>
            <returns></returns>
        </member>
        <member name="M:Supply.Dashboards.Service.Controllers.DashboardsController.CargoGroupingByLocations(Supply.Dashboards.Shared.ViewModels.Charts.CargoGroupByLocations.CargoGroupByLocationsRequestViewModel,System.Threading.CancellationToken)">
            <summary>
            Get a cargo by locations with optional filtering
            </summary>
            <param name="request"></param>
            <param name="cancellationToken"></param>
            <returns></returns>
        </member>
        <member name="M:Supply.Dashboards.Service.Controllers.DashboardsController.CargoGroupingByPeriods(Supply.Dashboards.Shared.ViewModels.Charts.CargoGroupByPeriods.CargoGroupByPeriodsRequestViewModel,System.Threading.CancellationToken)">
            <summary>
            Get a cargo by periods with optional filtering
            </summary>
        </member>
        <member name="M:Supply.Dashboards.Service.Controllers.DashboardsController.HseIndicators(Supply.Dashboards.Shared.ViewModels.Charts.HseIndicators.HseIndicatorsRequestViewModel,System.Threading.CancellationToken)">
            <summary>
            Get a HSE indicators with optional filtering
            </summary>
            <param name="request"></param>
            <param name="cancellationToken"></param>
            <returns></returns>
        </member>
        <member name="M:Supply.Dashboards.Service.Controllers.DashboardsController.OtifChart(Supply.Dashboards.Shared.ViewModels.Charts.OtifChart.OtifChartRequestViewModel,System.Threading.CancellationToken)">
            <summary>
            Get a OTIF with optional filtering
            </summary>
            <param name="request"></param>
            <param name="cancellationToken"></param>
            <returns></returns>
        </member>
        <member name="M:Supply.Dashboards.Service.Controllers.DashboardsController.ExecutionOfOrders(Supply.Dashboards.Shared.ViewModels.Charts.ExecutionOfOrders.ExecutionOfOrdersRequestViewModel,System.Threading.CancellationToken)">
            <summary>
            Get a execution of orders with optional filtering
            </summary>
            <param name="request"></param>
            <param name="cancellationToken"></param>
            <returns></returns>
        </member>
        <member name="M:Supply.Dashboards.Service.Controllers.DashboardsController.SeasonalDelivery(Supply.Dashboards.Shared.ViewModels.Charts.SeasonalDelivery.SeasonalDeliveryRequest,System.Threading.CancellationToken)">
            <summary>
            Get a cargo by locations with optional filtering
            </summary>
            <param name="request"></param>
            <param name="cancellationToken"></param>
            <returns></returns>
        </member>
        <member name="M:Supply.Dashboards.Service.Controllers.DashboardsController.TransportResourcesByPeriods(Supply.Dashboards.Shared.ViewModels.Charts.TransportResources.TransportResourcesByPeriodsRequestViewModel,System.Threading.CancellationToken)">
            <summary>
            Get a transport-resources by periods with optional filtering
            </summary>
            <param name="request"></param>
            <param name="cancellationToken"></param>
            <returns></returns>
        </member>
        <member name="M:Supply.Dashboards.Service.Controllers.DashboardsController.TransportResourcesByLocations(Supply.Dashboards.Shared.ViewModels.Charts.TransportResources.TransportResourcesByLocationsRequestViewModel,System.Threading.CancellationToken)">
            <summary>
            Get a transport-resources by locations with optional filtering
            </summary>
            <param name="request"></param>
            <param name="cancellationToken"></param>
            <returns></returns>
        </member>
        <member name="M:Supply.Dashboards.Service.Controllers.DashboardsController.FullnessBasesByLocations(Supply.Dashboards.Shared.ViewModels.Charts.FullnessBases.FullnessBasesByLocationsRequestViewModel,System.Threading.CancellationToken)">
            <summary>
            Get a FullnessBases by locations with optional filtering
            </summary>
            <param name="request"></param>
            <param name="cancellationToken"></param>
            <returns></returns>
        </member>
        <member name="M:Supply.Dashboards.Service.Controllers.DashboardsController.GetList(Supply.Dashboards.Shared.ViewModels.WeatherRestrictions.WeatherRestrictionsList.WeatherRestrictionsListRequestViewModel,System.Threading.CancellationToken)">
            <summary>
            Get a WeatherRestrictions by locations with optional filtering
            </summary>
            <param name="request"></param>
            <param name="cancellationToken"></param>
            <returns></returns>
        </member>
        <member name="M:Supply.Dashboards.Service.Controllers.DataController.ImportMtr(Supply.Dashboards.Shared.ViewModels.Data.DataMtr.DataMtrRequestViewModel,System.Threading.CancellationToken)">
            <summary>
            Get a MTR data with optional filtering
            </summary>
            <param name="request"></param>
            <param name="cancellationToken"></param>
            <returns></returns>
        </member>
        <member name="M:Supply.Dashboards.Service.Controllers.ImportsController.ImportMtr(Supply.Dashboards.Shared.ViewModels.Import.ImportMtr.ImportMtrRequestViewModel,System.Threading.CancellationToken)">
            <summary>
            Import of cargo turnover, cargo handling, accounting of materials and equipment, OTIF.
            Removal is done by setting the "value" property to null.
            </summary>
            <param name="request"></param>
            <param name="cancellationToken"></param>
            <returns></returns>
        </member>
        <member name="M:Supply.Dashboards.Service.Controllers.ImportsController.ImportDirectories(Supply.Dashboards.Shared.ViewModels.Import.ImportDirectories.Request.ImportDirectoriesRequestViewModel,System.Threading.CancellationToken)">
            <summary>
            Import graphs of customers, locations, mtr types.
            </summary>
            <param name="request"></param>
            <param name="cancellationToken"></param>
            <returns></returns>
        </member>
        <member name="M:Supply.Dashboards.Service.Controllers.LocationsController.GetList(Supply.Dashboards.Shared.ViewModels.Locations.LocationList.LocationListRequestViewModel,System.Threading.CancellationToken)">
            <summary>
            Get a list of locations with optional filtering
            Actual data has the status "actual".
            If you do not pass the status, all data types will be returned, including deleted ones.
            </summary>
            <param name="request"></param>
            <param name="cancellationToken"></param>
            <returns></returns>
        </member>
        <member name="M:Supply.Dashboards.Service.Controllers.MtrTypesController.GetList(Supply.Dashboards.Shared.ViewModels.MtrTypes.MtrTypeList.MtrTypeListRequestViewModel,System.Threading.CancellationToken)">
            <summary>
            Get a list of MTR type with optional filtering
            Actual data has the status "actual".
            If you do not pass the status, all data types will be returned, including deleted ones.
            </summary>
            <param name="request"></param>
            <param name="cancellationToken"></param>
            <returns></returns>
        </member>
    </members>
</doc>
