<?xml version="1.0"?>
<doc>
    <assembly>
        <name>Supply.Dashboards.App</name>
    </assembly>
    <members>
        <member name="M:Supply.Dashboards.App.UseCases.Locations.GetLocationList.IGetLocationList.GetActiveDivisionsWithChildrenLocations">
            <summary>
            Ид дивизионов с дочерними ид локаций всех уровней вложенности 
            </summary>
            <returns></returns>
        </member>
    </members>
</doc>
