<?xml version="1.0"?>
<doc>
    <assembly>
        <name>Supply.Dashboards.Domain</name>
    </assembly>
    <members>
        <member name="T:Supply.Dashboards.Domain.AggregatesModel.Locations.Location">
            <summary>
                Locality - a city, settlement, logistics hub, etc.
            </summary>
        </member>
        <member name="T:Supply.Dashboards.Domain.AggregatesModel.MtrTypes.MtrType">
            <summary>
                Material technical resource directory
            </summary>
        </member>
    </members>
</doc>
